"nvprod880045v","ジッピー・オーガナイザー NM",138600,"ブラック","メゾンのアイコニックなエピ･レザーに繊細なグレインレザーを施したコンパクトで収納性に優れた財布＆オーガナイザー「ジッピー･オーガナイザー NM」。コインケースは開け易いファスナー式。硬貨や紙幣、クレジットカード、トラベラーズチェック、パスポート、航空券、ペン、メモ用紙などの旅の必需品を収納できます。モダンなライフスタイルに最適なアイテムです。","メンズ:財布＆小物:メンズ メンズロングウォレット（長財布）"
"nvprod880046v","ジッピー・オーガナイザー",114400,"マロン","伝統的なモノグラム･キャンバスを使用したルイ･ヴィトンのアイコニックな「ジッピー・オーガナイザー」。洗練されたデザインと機能性を兼ね備えたファスナー開閉式のコンパクトな財布は、複数のクレジットカード用スロット、ファスナー式の小銭入れ、航空券を収納できる大きめのポケットを備えた機能性に優れたアイテムです。","メンズ:財布＆小物:メンズ メンズロングウォレット（長財布）"
"nvprod880047v","ジッピー・オーガナイザー マイLV ヘリテージ",147400,"マロン","トランク製造業として創業したメゾンの歴史が息づく「マイLV ヘリテージ」は、洗練とパーソナライゼーション･サービスの伝統を受け継いでいます。","メンズ:パーソナライゼーション:財布＆小物"
"nvprod880048v","ジッピー・オーガナイザー NM",138600,"ブラック","コンパクトで収納性に優れた財布＆オーガナイザー「ジッピー･オーガナイザー NM」。コインケースは開け易いファスナー式。硬貨や紙幣、クレジットカード、トラベラーズチェック、パスポート、航空券、ペン、メモ用紙などの旅の必需品を収納できます。","メンズ:財布＆小物:メンズ メンズロングウォレット（長財布）"
"nvprod880050v","ジッピーウォレット・ヴェルティカル",97900,"グレー","モダンなモノグラム･エクリプス キャンバスを使用したファスナー開閉式デザインの財布「ジッピーウォレット・ヴェルティカル」は、カードや紙幣を持ち歩くのに最適なスタイリッシュで機能的なアイテム。複数のクレジットカード用スロットとファスナー式コインケース、紙類や紙幣用のコンパートメントを備えています。<br><br>※実際の製品の金具の色は黒味をおびたシルバーカラーになります。","メンズ:財布＆小物:メンズ メンズロングウォレット（長財布）"
"nvprod900044v","PDB MM",302500,"グレー","アイコニックなダミエ･グラフィット キャンバスにシルバーカラーの金具を組み合わせた「PDB MM」。ファイルや書類に加え、ラップトップも収納可能なセパレートパッド付きのコンパートメントを備えています。長さ調節と着脱可能なストラップでトロリー「ホライゾン」にすっきりと安全に取り付けられます。","メンズ:バッグ:メンズ ビジネスバッグ"
"nvprod900058v","メダリオン ブロッサム XL(ピンクゴールド×ホワイト マザー・オブ・パール×ダイヤモンド）",1056000,"ピンク","1896年に創業者ルイ･ヴィトンの息子、ジョルジュ･ヴィトンがデザインしたモノグラム･フラワー モチーフを祝して誕生した「カラー ブロッサム」。フラワー型に彫刻したホワイト マザー・オブ・パールにピンクゴールドを組み合わせました。新たに登場した大胆なサイズのメダリオンは、他のカラーブロッサムモデルとの相性も抜群。3通りの着け方を楽しめる、あらゆる装いにフレッシュな雰囲気を添える一品です。","ウィメンズ:ジュエリー:すべてのジュエリー"
"nvprod900062v","メダリオン ブロッサム XL(ピンクゴールド×マラカイト×ダイヤモンド）",1160500,"ピンク","1896年に創業者ルイ･ヴィトンの息子、ジョルジュ･ヴィトンがデザインしたモノグラム･フラワー モチーフを祝して誕生した「カラー ブロッサム」。フラワー型に彫刻したマラカイトにピンクゴールドを組み合わせました。新たに登場した大胆なサイズのメダリオンは、他のカラーブロッサムモデルとの相性も抜群。3通りの着け方を楽しめる、あらゆる装いにフレッシュな雰囲気を添える一品です。


","ウィメンズ:ジュエリー:すべてのジュエリー"
"nvprod900064v","ブラスレ 4モチーフ ブロッサム BB（ピンクゴールド×ホワイト マザー・オブ・パール×ダイヤモンド）",874500,"ピンク","1896年に創業者ルイ･ヴィトンの息子、ジョルジュ･ヴィトンがデザインしたモノグラム･フラワー モチーフを祝して誕生した「カラー ブロッサムBB」。フラワー型に彫刻した小ぶりなホワイト マザー･オブ･パールに組み合わせたピンクゴールドが、ダイヤモンドによって美しく際立ちます。数ヶ月におよぶ手作業を経て完成した繊細な曲線と輝きが魅力の一品です。

","ウィメンズ:ジュエリー:すべてのジュエリー"
"nvprod920001v","ツイスト MM",572000,"ホワイト","メゾンを象徴するエピ･レザーで仕上げた「ツイスト MM」。ゴールドカラーに輝く彫刻的なLV ツイストロックが視線を集めます。本体の底部分に採用された独創的な波型のデザインが、驚くほどの収納力を実現。デイタイムからイブニングシーンまでをファッショナブルに演出する美しいバッグです。スライド式のチェーンストラップで、ショルダーバッグとしてもクロスボディバッグとしてもお使いいただけます。「ツイスト」は、2015クルーズ･コレクションでメゾンのニュークラシックとして発表されたデザインです。","ウィメンズ:バッグ:ウィメンズ ショルダーバッグ、クロスボディバッグ"
"nvprod920001v","ツイスト MM",572000,"ベージュ","メゾンを象徴するエピ･レザーで仕上げた「ツイスト MM」。ゴールドカラーに輝く彫刻的なLV ツイストロックが視線を集めます。本体の底部分に採用された独創的な波型のデザインが、驚くほどの収納力を実現。デイタイムからイブニングシーンまでをファッショナブルに演出する美しいバッグです。スライド式のチェーンストラップで、ショルダーバッグとしてもクロスボディバッグとしてもお使いいただけます。「ツイスト」は、2015クルーズ･コレクションでメゾンのニュークラシックとして発表されたデザインです。","ウィメンズ:バッグ:ウィメンズ ショルダーバッグ、クロスボディバッグ"
"nvprod920001v","ツイスト MM",572000,"ブラック","メゾンを象徴するエピ･レザーで仕上げた「ツイスト MM」。ゴールドカラーに輝く彫刻的なLV ツイストロックが視線を集めます。本体の底部分に採用された独創的な波型のデザインが、驚くほどの収納力を実現。デイタイムからイブニングシーンまでをファッショナブルに演出する美しいバッグです。スライド式のチェーンストラップで、ショルダーバッグとしてもクロスボディバッグとしてもお使いいただけます。「ツイスト」は、2015クルーズ･コレクションでメゾンのニュークラシックとして発表されたデザインです。","ウィメンズ:バッグ:ウィメンズ ショルダーバッグ、クロスボディバッグ"
"nvprod920001v","ツイスト MM",572000,"ブルー","メゾンを象徴するエピ･レザーで仕上げた「ツイスト MM」。ゴールドカラーに輝く彫刻的なLV ツイストロックが視線を集めます。本体の底部分に採用された独創的な波型のデザインが、驚くほどの収納力を実現。デイタイムからイブニングシーンまでをファッショナブルに演出する美しいバッグです。スライド式のチェーンストラップで、ショルダーバッグとしてもクロスボディバッグとしてもお使いいただけます。「ツイスト」は、2015クルーズ･コレクションでメゾンのニュークラシックとして発表されたデザインです。","ウィメンズ:バッグ:ウィメンズ ショルダーバッグ、クロスボディバッグ"
"nvprod920001v","ツイスト MM",572000,"グレー","メゾンを象徴するエピ･レザーで仕上げた「ツイスト MM」。ゴールドカラーに輝く彫刻的なLV ツイストロックが視線を集めます。本体の底部分に採用された独創的な波型のデザインが、驚くほどの収納力を実現。デイタイムからイブニングシーンまでをファッショナブルに演出する美しいバッグです。スライド式のチェーンストラップで、ショルダーバッグとしてもクロスボディバッグとしてもご使用いただけます。「ツイスト」は、2015クルーズ･コレクションでメゾンの「ニュー･クラシックス」ラインとして発表されたデザインです。","ウィメンズ:バッグ:ウィメンズ ショルダーバッグ、クロスボディバッグ"
"nvprod920005v","ツイスト MM",572000,"ブラック","メゾンを象徴するエピ･レザーで仕上げた「ツイスト MM」。艶やかなシルバーカラーの彫刻的なLV ツイストロックが視線を集めます。本体の底部分に採用された独創的な波型のデザインが、驚くほどの収納力を実現。デイタイムからイブニングシーンまでをファッショナブルに演出する美しいバッグです。スライド式のチェーンストラップで、ショルダーバッグとしてもクロスボディバッグとしてもお使いいただけます。「ツイスト」は、2015クルーズ･コレクションでメゾンのニュークラシックとして発表されたデザインです。","ウィメンズ:バッグ:ウィメンズ ショルダーバッグ、クロスボディバッグ"
"nvprod920012v","クーヴェルテュール・パスポール マイLV ヘリテージ",64900,"マロン","お好みのカラーでストライプやイニシャルを施し、それにマッチしたライニングカラーを選ぶことでお客様だけの特別な一品をご注文いただける「マイLV ヘリテージ」。<p> スタイリッシュなパスポートカバーは旅の必需品。クレジットカード用や名刺などを収納できる複数のポケット付きです。</p>","メンズ:パーソナライゼーション:バッグ＆トラベル"
"nvprod920033v","クーヴェルテュール・パスポール マイLV ヘリテージ",64900,"レッド","お好みのカラーでストライプやイニシャルを施し、それにマッチしたライニングカラーを選ぶことでお客様だけの特別な一品をご注文いただける「マイLV ヘリテージ」。<p> スタイリッシュなパスポートカバーは旅の必需品。クレジットカード用や名刺などを収納できる複数のポケット付きです。</p>","メンズ:財布＆小物:メンズ キー＆カードケース、パスポートカバー"
"nvprod940002v","ディスカバリー・バックパック",498300,"ブラック","モノグラム･シャドウ レザーでスポーティに仕上げた「ディスカバリー･バックパック」。2018秋冬メンズ･プレコレクションに登場したアイテムは、しなやかなカーフレザーに施したさりげない刻印が特徴です。必需品をすばやく取り出せる外側のポケットと、安全なフック付きの口紐をあしらいました。レザーストラップとトップハンドルで、さまざまな持ち方をお楽しみいただけます。","メンズ:バッグ:すべてのメンズバッグ"
"nvprod940029v","レギュラーボタンダウンシャツ",82500,"ホワイト","<p>ご不明な点がございましたら、クライアントサービスまでお気軽にお問合せください。専任のクライアントアドバイザーが、素材やサイズなどの製品詳細、モデル着用イメージや関連アイテムのご案内など、お客様のご要望に合わせたスタイリング・アドバイスをご提供いたします。</p><p>また、サイズ違いなどによる返品・交換のご相談も承ります。詳細は<a href='https://jp.louisvuitton.com/jpn-jp/legal-privacy'><b>こちら。</b></a></p>","メンズ:プレタポルテ（洋服）:メンズ シャツ"
"nvprod950020v","トラベルジップアップフーディ",146300,"ブルー","着心地の良いテクニカルジャージーで仕立てたアイコニックなトラベル用のジップアップフーディ。ルイ･ヴィトンならではのシグネチャーをさりげなく表現したメタリックな「LVサークル」のメダリオンも魅力です。<p>ご不明な点がございましたら、クライアントサービスまでお気軽にお問合せください。専任のクライアントアドバイザーが、素材やサイズなどの製品詳細、モデル着用イメージや関連アイテムのご案内など、お客様のご要望に合わせたスタイリング・アドバイスをご提供いたします。</p><p>また、サイズ違いなどによる返品・交換のご相談も承ります。詳細は<a href='https://jp.louisvuitton.com/jpn-jp/legal-privacy'><b>こちら。</b></a></p>","メンズ:プレタポルテ（洋服）:メンズ ニット＆スウェットシャツ"
"nvprod950020v","トラベルジップアップフーディ",146300,"ブルー","着心地の良いテクニカルジャージーで仕立てたアイコニックなトラベル用のジップアップフーディ。ルイ･ヴィトンならではのシグネチャーをさりげなく表現したメタリックな「LVサークル」のメダリオンも魅力です。<p>ご不明な点がございましたら、クライアントサービスまでお気軽にお問合せください。専任のクライアントアドバイザーが、素材やサイズなどの製品詳細、モデル着用イメージや関連アイテムのご案内など、お客様のご要望に合わせたスタイリング・アドバイスをご提供いたします。</p><p>また、サイズ違いなどによる返品・交換のご相談も承ります。詳細は<a href='https://jp.louisvuitton.com/jpn-jp/legal-privacy'><b>こちら。</b></a></p>","メンズ:プレタポルテ（洋服）:メンズ ニット＆スウェットシャツ"
"nvprod950020v","トラベルジップアップフーディ",146300,"ブルー","着心地の良いテクニカルジャージーで仕立てたアイコニックなトラベル用のジップアップフーディ。ルイ･ヴィトンならではのシグネチャーをさりげなく表現したメタリックな「LVサークル」のメダリオンも魅力です。<p>ご不明な点がございましたら、クライアントサービスまでお気軽にお問合せください。専任のクライアントアドバイザーが、素材やサイズなどの製品詳細、モデル着用イメージや関連アイテムのご案内など、お客様のご要望に合わせたスタイリング・アドバイスをご提供いたします。</p><p>また、サイズ違いなどによる返品・交換のご相談も承ります。詳細は<a href='https://jp.louisvuitton.com/jpn-jp/legal-privacy'><b>こちら。</b></a></p>","メンズ:プレタポルテ（洋服）:メンズ ニット＆スウェットシャツ"
"nvprod950020v","トラベルジップアップフーディ",146300,"ブルー","着心地の良いテクニカルジャージーで仕立てたアイコニックなトラベル用のジップアップフーディ。ルイ･ヴィトンならではのシグネチャーをさりげなく表現したメタリックな「LVサークル」のメダリオンも魅力です。<p>ご不明な点がございましたら、クライアントサービスまでお気軽にお問合せください。専任のクライアントアドバイザーが、素材やサイズなどの製品詳細、モデル着用イメージや関連アイテムのご案内など、お客様のご要望に合わせたスタイリング・アドバイスをご提供いたします。</p><p>また、サイズ違いなどによる返品・交換のご相談も承ります。詳細は<a href='https://jp.louisvuitton.com/jpn-jp/legal-privacy'><b>こちら。</b></a></p>","メンズ:プレタポルテ（洋服）:メンズ ニット＆スウェットシャツ"
"nvprod950020v","トラベルジップアップフーディ",146300,"ブルー","着心地の良いテクニカルジャージーで仕立てたアイコニックなトラベル用のジップアップフーディ。ルイ･ヴィトンならではのシグネチャーをさりげなく表現したメタリックな「LVサークル」のメダリオンも魅力です。<p>ご不明な点がございましたら、クライアントサービスまでお気軽にお問合せください。専任のクライアントアドバイザーが、素材やサイズなどの製品詳細、モデル着用イメージや関連アイテムのご案内など、お客様のご要望に合わせたスタイリング・アドバイスをご提供いたします。</p><p>また、サイズ違いなどによる返品・交換のご相談も承ります。詳細は<a href='https://jp.louisvuitton.com/jpn-jp/legal-privacy'><b>こちら。</b></a></p>","メンズ:プレタポルテ（洋服）:メンズ ニット＆スウェットシャツ"
"nvprod950020v","トラベルジップアップフーディ",146300,"グレー","着心地の良いテクニカルジャージーで仕立てたアイコニックなトラベル用のジップアップフーディ。ルイ･ヴィトンならではのシグネチャーをさりげなく表現したメタリックな「LVサークル」のメダリオンも魅力です。<p>ご不明な点がございましたら、クライアントサービスまでお気軽にお問合せください。専任のクライアントアドバイザーが、素材やサイズなどの製品詳細、モデル着用イメージや関連アイテムのご案内など、お客様のご要望に合わせたスタイリング・アドバイスをご提供いたします。</p><p>また、サイズ違いなどによる返品・交換のご相談も承ります。詳細は<a href='https://jp.louisvuitton.com/jpn-jp/legal-privacy'><b>こちら。</b></a></p>","メンズ:プレタポルテ（洋服）:メンズ ニット＆スウェットシャツ"
"nvprod950020v","トラベルジップアップフーディ",146300,"グレー","着心地の良いテクニカルジャージーで仕立てたアイコニックなトラベル用のジップアップフーディ。ルイ･ヴィトンならではのシグネチャーをさりげなく表現したメタリックな「LVサークル」のメダリオンも魅力です。<p>ご不明な点がございましたら、クライアントサービスまでお気軽にお問合せください。専任のクライアントアドバイザーが、素材やサイズなどの製品詳細、モデル着用イメージや関連アイテムのご案内など、お客様のご要望に合わせたスタイリング・アドバイスをご提供いたします。</p><p>また、サイズ違いなどによる返品・交換のご相談も承ります。詳細は<a href='https://jp.louisvuitton.com/jpn-jp/legal-privacy'><b>こちら。</b></a></p>","メンズ:プレタポルテ（洋服）:メンズ ニット＆スウェットシャツ"
"nvprod950020v","トラベルジップアップフーディ",146300,"グレー","着心地の良いテクニカルジャージーで仕立てたアイコニックなトラベル用のジップアップフーディ。ルイ･ヴィトンならではのシグネチャーをさりげなく表現したメタリックな「LVサークル」のメダリオンも魅力です。<p>ご不明な点がございましたら、クライアントサービスまでお気軽にお問合せください。専任のクライアントアドバイザーが、素材やサイズなどの製品詳細、モデル着用イメージや関連アイテムのご案内など、お客様のご要望に合わせたスタイリング・アドバイスをご提供いたします。</p><p>また、サイズ違いなどによる返品・交換のご相談も承ります。詳細は<a href='https://jp.louisvuitton.com/jpn-jp/legal-privacy'><b>こちら。</b></a></p>","メンズ:プレタポルテ（洋服）:メンズ ニット＆スウェットシャツ"
"nvprod950020v","トラベルジップアップフーディ",146300,"グレー","着心地の良いテクニカルジャージーで仕立てたアイコニックなトラベル用のジップアップフーディ。ルイ･ヴィトンならではのシグネチャーをさりげなく表現したメタリックな「LVサークル」のメダリオンも魅力です。<p>ご不明な点がございましたら、クライアントサービスまでお気軽にお問合せください。専任のクライアントアドバイザーが、素材やサイズなどの製品詳細、モデル着用イメージや関連アイテムのご案内など、お客様のご要望に合わせたスタイリング・アドバイスをご提供いたします。</p><p>また、サイズ違いなどによる返品・交換のご相談も承ります。詳細は<a href='https://jp.louisvuitton.com/jpn-jp/legal-privacy'><b>こちら。</b></a></p>","メンズ:プレタポルテ（洋服）:メンズ ニット＆スウェットシャツ"
"nvprod950021v","トラベルジョギングパンツ",129800,"ブルー","着心地の良いテクニカルジャージーで仕立てたアイコニックなトラベル用のジョギングパンツ。バックポケットにルイ･ヴィトンならではのシグネチャーをさりげなく表現したメタリックな「LVサークル」のメダリオンも魅力です。<p>ご不明な点がございましたら、クライアントサービスまでお気軽にお問合せください。専任のクライアントアドバイザーが、素材やサイズなどの製品詳細、モデル着用イメージや関連アイテムのご案内など、お客様のご要望に合わせたスタイリング・アドバイスをご提供いたします。</p><p>また、サイズ違いなどによる返品・交換のご相談も承ります。詳細は<a href='https://jp.louisvuitton.com/jpn-jp/legal-privacy'><b>こちら。</b></a></p>","メンズ:プレタポルテ（洋服）:メンズ パンツ"
"nvprod950021v","トラベルジョギングパンツ",129800,"ブルー","着心地の良いテクニカルジャージーで仕立てたアイコニックなトラベル用のジョギングパンツ。バックポケットにルイ･ヴィトンならではのシグネチャーをさりげなく表現したメタリックな「LVサークル」のメダリオンも魅力です。<p>ご不明な点がございましたら、クライアントサービスまでお気軽にお問合せください。専任のクライアントアドバイザーが、素材やサイズなどの製品詳細、モデル着用イメージや関連アイテムのご案内など、お客様のご要望に合わせたスタイリング・アドバイスをご提供いたします。</p><p>また、サイズ違いなどによる返品・交換のご相談も承ります。詳細は<a href='https://jp.louisvuitton.com/jpn-jp/legal-privacy'><b>こちら。</b></a></p>","メンズ:プレタポルテ（洋服）:メンズ パンツ"
"nvprod950021v","トラベルジョギングパンツ",129800,"ブルー","着心地の良いテクニカルジャージーで仕立てたアイコニックなトラベル用のジョギングパンツ。バックポケットにルイ･ヴィトンならではのシグネチャーをさりげなく表現したメタリックな「LVサークル」のメダリオンも魅力です。<p>ご不明な点がございましたら、クライアントサービスまでお気軽にお問合せください。専任のクライアントアドバイザーが、素材やサイズなどの製品詳細、モデル着用イメージや関連アイテムのご案内など、お客様のご要望に合わせたスタイリング・アドバイスをご提供いたします。</p><p>また、サイズ違いなどによる返品・交換のご相談も承ります。詳細は<a href='https://jp.louisvuitton.com/jpn-jp/legal-privacy'><b>こちら。</b></a></p>","メンズ:プレタポルテ（洋服）:メンズ パンツ"
"nvprod950021v","トラベルジョギングパンツ",129800,"ブルー","着心地の良いテクニカルジャージーで仕立てたアイコニックなトラベル用のジョギングパンツ。バックポケットにルイ･ヴィトンならではのシグネチャーをさりげなく表現したメタリックな「LVサークル」のメダリオンも魅力です。<p>ご不明な点がございましたら、クライアントサービスまでお気軽にお問合せください。専任のクライアントアドバイザーが、素材やサイズなどの製品詳細、モデル着用イメージや関連アイテムのご案内など、お客様のご要望に合わせたスタイリング・アドバイスをご提供いたします。</p><p>また、サイズ違いなどによる返品・交換のご相談も承ります。詳細は<a href='https://jp.louisvuitton.com/jpn-jp/legal-privacy'><b>こちら。</b></a></p>","メンズ:プレタポルテ（洋服）:メンズ パンツ"
"nvprod950021v","トラベルジョギングパンツ",129800,"ブルー","着心地の良いテクニカルジャージーで仕立てたアイコニックなトラベル用のジョギングパンツ。バックポケットにルイ･ヴィトンならではのシグネチャーをさりげなく表現したメタリックな「LVサークル」のメダリオンも魅力です。<p>ご不明な点がございましたら、クライアントサービスまでお気軽にお問合せください。専任のクライアントアドバイザーが、素材やサイズなどの製品詳細、モデル着用イメージや関連アイテムのご案内など、お客様のご要望に合わせたスタイリング・アドバイスをご提供いたします。</p><p>また、サイズ違いなどによる返品・交換のご相談も承ります。詳細は<a href='https://jp.louisvuitton.com/jpn-jp/legal-privacy'><b>こちら。</b></a></p>","メンズ:プレタポルテ（洋服）:メンズ パンツ"
"nvprod950021v","トラベルジョギングパンツ",129800,"ブルー","着心地の良いテクニカルジャージーで仕立てたアイコニックなトラベル用のジョギングパンツ。バックポケットにルイ･ヴィトンならではのシグネチャーをさりげなく表現したメタリックな「LVサークル」のメダリオンも魅力です。<p>ご不明な点がございましたら、クライアントサービスまでお気軽にお問合せください。専任のクライアントアドバイザーが、素材やサイズなどの製品詳細、モデル着用イメージや関連アイテムのご案内など、お客様のご要望に合わせたスタイリング・アドバイスをご提供いたします。</p><p>また、サイズ違いなどによる返品・交換のご相談も承ります。詳細は<a href='https://jp.louisvuitton.com/jpn-jp/legal-privacy'><b>こちら。</b></a></p>","メンズ:プレタポルテ（洋服）:メンズ パンツ"
"nvprod950021v","トラベルジョギングパンツ",129800,"グレー","着心地の良いテクニカルジャージーで仕立てたアイコニックなトラベル用のジョギングパンツ。バックポケットにルイ･ヴィトンならではのシグネチャーをさりげなく表現したメタリックな「LVサークル」のメダリオンも魅力です。<p>ご不明な点がございましたら、クライアントサービスまでお気軽にお問合せください。専任のクライアントアドバイザーが、素材やサイズなどの製品詳細、モデル着用イメージや関連アイテムのご案内など、お客様のご要望に合わせたスタイリング・アドバイスをご提供いたします。</p><p>また、サイズ違いなどによる返品・交換のご相談も承ります。詳細は<a href='https://jp.louisvuitton.com/jpn-jp/legal-privacy'><b>こちら。</b></a></p>","メンズ:プレタポルテ（洋服）:メンズ パンツ"
"nvprod950021v","トラベルジョギングパンツ",129800,"グレー","着心地の良いテクニカルジャージーで仕立てたアイコニックなトラベル用のジョギングパンツ。バックポケットにルイ･ヴィトンならではのシグネチャーをさりげなく表現したメタリックな「LVサークル」のメダリオンも魅力です。<p>ご不明な点がございましたら、クライアントサービスまでお気軽にお問合せください。専任のクライアントアドバイザーが、素材やサイズなどの製品詳細、モデル着用イメージや関連アイテムのご案内など、お客様のご要望に合わせたスタイリング・アドバイスをご提供いたします。</p><p>また、サイズ違いなどによる返品・交換のご相談も承ります。詳細は<a href='https://jp.louisvuitton.com/jpn-jp/legal-privacy'><b>こちら。</b></a></p>","メンズ:プレタポルテ（洋服）:メンズ パンツ"
"nvprod950021v","トラベルジョギングパンツ",129800,"グレー","着心地の良いテクニカルジャージーで仕立てたアイコニックなトラベル用のジョギングパンツ。バックポケットにルイ･ヴィトンならではのシグネチャーをさりげなく表現したメタリックな「LVサークル」のメダリオンも魅力です。<p>ご不明な点がございましたら、クライアントサービスまでお気軽にお問合せください。専任のクライアントアドバイザーが、素材やサイズなどの製品詳細、モデル着用イメージや関連アイテムのご案内など、お客様のご要望に合わせたスタイリング・アドバイスをご提供いたします。</p><p>また、サイズ違いなどによる返品・交換のご相談も承ります。詳細は<a href='https://jp.louisvuitton.com/jpn-jp/legal-privacy'><b>こちら。</b></a></p>","メンズ:プレタポルテ（洋服）:メンズ パンツ"
"nvprod950021v","トラベルジョギングパンツ",129800,"グレー","着心地の良いテクニカルジャージーで仕立てたアイコニックなトラベル用のジョギングパンツ。バックポケットにルイ･ヴィトンならではのシグネチャーをさりげなく表現したメタリックな「LVサークル」のメダリオンも魅力です。<p>ご不明な点がございましたら、クライアントサービスまでお気軽にお問合せください。専任のクライアントアドバイザーが、素材やサイズなどの製品詳細、モデル着用イメージや関連アイテムのご案内など、お客様のご要望に合わせたスタイリング・アドバイスをご提供いたします。</p><p>また、サイズ違いなどによる返品・交換のご相談も承ります。詳細は<a href='https://jp.louisvuitton.com/jpn-jp/legal-privacy'><b>こちら。</b></a></p>","メンズ:プレタポルテ（洋服）:メンズ パンツ"
"nvprod950021v","トラベルジョギングパンツ",129800,"グレー","着心地の良いテクニカルジャージーで仕立てたアイコニックなトラベル用のジョギングパンツ。バックポケットにルイ･ヴィトンならではのシグネチャーをさりげなく表現したメタリックな「LVサークル」のメダリオンも魅力です。<p>ご不明な点がございましたら、クライアントサービスまでお気軽にお問合せください。専任のクライアントアドバイザーが、素材やサイズなどの製品詳細、モデル着用イメージや関連アイテムのご案内など、お客様のご要望に合わせたスタイリング・アドバイスをご提供いたします。</p><p>また、サイズ違いなどによる返品・交換のご相談も承ります。詳細は<a href='https://jp.louisvuitton.com/jpn-jp/legal-privacy'><b>こちら。</b></a></p>","メンズ:プレタポルテ（洋服）:メンズ パンツ"
"nvprod950021v","トラベルジョギングパンツ",129800,"グレー","着心地の良いテクニカルジャージーで仕立てたアイコニックなトラベル用のジョギングパンツ。バックポケットにルイ･ヴィトンならではのシグネチャーをさりげなく表現したメタリックな「LVサークル」のメダリオンも魅力です。<p>ご不明な点がございましたら、クライアントサービスまでお気軽にお問合せください。専任のクライアントアドバイザーが、素材やサイズなどの製品詳細、モデル着用イメージや関連アイテムのご案内など、お客様のご要望に合わせたスタイリング・アドバイスをご提供いたします。</p><p>また、サイズ違いなどによる返品・交換のご相談も承ります。詳細は<a href='https://jp.louisvuitton.com/jpn-jp/legal-privacy'><b>こちら。</b></a></p>","メンズ:プレタポルテ（洋服）:メンズ パンツ"
"nvprod950052v","リバーシブルミックスブルゾン",524700,"ブラック","ボディ部分はレザー、袖はテクニカルファブリックで仕立てた、ルイ･ヴィトンのアイコニックな1着とも言える機能的なヴァーシティジャケット。まったく印象の違うモノグラムジャカードを外側にすれば、よりカジュアルでリラックスした雰囲気を楽しめる、リバーシブルスタイルです。<p>ご不明な点がございましたら、クライアントサービスまでお気軽にお問合せください。専任のクライアントアドバイザーが、素材やサイズなどの製品詳細、モデル着用イメージや関連アイテムのご案内など、お客様のご要望に合わせたスタイリング・アドバイスをご提供いたします。</p><p>また、サイズ違いなどによる返品・交換のご相談も承ります。詳細は<a href='https://jp.louisvuitton.com/jpn-jp/legal-privacy'><b>こちら。</b></a></p>","メンズ:プレタポルテ（洋服）:メンズ レザー"
"nvprod950052v","リバーシブルミックスブルゾン",524700,"ブラック","ボディ部分はレザー、袖はテクニカルファブリックで仕立てた、ルイ･ヴィトンのアイコニックな1着とも言える機能的なヴァーシティジャケット。まったく印象の違うモノグラムジャカードを外側にすれば、よりカジュアルでリラックスした雰囲気を楽しめる、リバーシブルスタイルです。<p>サイズ違いなど、お客様都合による返品・交換のご相談は、クライアントサービスにて承っております。詳細は<a href='https://jp.louisvuitton.com/jpn-jp/legal-privacy'><b>こちら。</b></a></p>","メンズ:プレタポルテ（洋服）:メンズ レザー"
"nvprod950052v","リバーシブルミックスブルゾン",524700,"ブラック","ボディ部分はレザー、袖はテクニカルファブリックで仕立てた、ルイ･ヴィトンのアイコニックな1着とも言える機能的なヴァーシティジャケット。まったく印象の違うモノグラムジャカードを外側にすれば、よりカジュアルでリラックスした雰囲気を楽しめる、リバーシブルスタイルです。<p>サイズ違いなど、お客様都合による返品・交換のご相談は、クライアントサービスにて承っております。詳細は<a href='https://jp.louisvuitton.com/jpn-jp/legal-privacy'><b>こちら。</b></a></p>","メンズ:プレタポルテ（洋服）:メンズ レザー"
"nvprod950052v","リバーシブルミックスブルゾン",524700,"ブラック","ボディ部分はレザー、袖はテクニカルファブリックで仕立てた、ルイ･ヴィトンのアイコニックな1着とも言える機能的なヴァーシティジャケット。まったく印象の違うモノグラムジャカードを外側にすれば、よりカジュアルでリラックスした雰囲気を楽しめる、リバーシブルスタイルです。<p>サイズ違いなど、お客様都合による返品・交換のご相談は、クライアントサービスにて承っております。詳細は<a href='https://jp.louisvuitton.com/jpn-jp/legal-privacy'><b>こちら。</b></a></p>","メンズ:プレタポルテ（洋服）:メンズ レザー"
"nvprod950052v","リバーシブルミックスブルゾン",524700,"ブラック","ボディ部分はレザー、袖はテクニカルファブリックで仕立てた、ルイ･ヴィトンのアイコニックな1着とも言える機能的なヴァーシティジャケット。まったく印象の違うモノグラムジャカードを外側にすれば、よりカジュアルでリラックスした雰囲気を楽しめる、リバーシブルスタイルです。<p>サイズ違いなど、お客様都合による返品・交換のご相談は、クライアントサービスにて承っております。詳細は<a href='https://jp.louisvuitton.com/jpn-jp/legal-privacy'><b>こちら。</b></a></p>","メンズ:プレタポルテ（洋服）:メンズ レザー"
"nvprod970006v","ポシェット・ディスカバリー",138600,"ブラック","この上なくしなやかなブラックのモノグラム･シャドウ レザーに、控えめなエンボス加工でアイコニックなモノグラム･パターンを施した「ポシェット・ディスカバリー」。書類や必需品をエレガントに持ち運ぶことができます。洗練されたポーチに付いたシグネチャーのDリングで、単体でもバッグインバッグとしてもお使いいただけます。","メンズ:財布＆小物:すべてのメンズ財布＆小物"
"nvprod970010v","オーガナイザー・ドゥ ポッシュ",63800,"ブラック","日常の必需品をエレガントに持ち運びできるブラックのモノグラム･シャドウ レザーを使用したカードケース「オーガナイザー・ドゥ ポッシュ」。この上なくしなやかなレザーにアイコニックなモノグラム･パターンを控えめなエンボス加工で施しました。洗練されたデザインのコンパクトなアイテムは、複数のポケットとクレジットカード用スロットを備えています。","メンズ:財布＆小物:メンズ キー＆カードケース、パスポートカバー"
"nvprod970011v","Brazza Wallet",108900,"ブラック","The elegant design of Louis Vuitton's Brazza wallet is complemented by black Monogram Shadow calfskin, an extremely supple leather discreetly embossed with the iconic Monogram pattern. Inside, this classic wallet offers a variety of credit card slots and compartments, including a secure zipped one for coins.","Men:Wallets and Small Leather Goods:Long Wallets"
"nvprod970013v","ポルトフォイユ・ミュルティプル",83600,"ブラック","この上なくしなやかなブラックのモノグラム･シャドウ レザーにアイコニックなモノグラム･パターンをエンボス加工で施した財布「ポルトフォイユ･ミュルティプル」。すっきりとしたデザインながら、複数のクレジットカード用スロットとチケットや紙幣を収納可能なコンパートメントを備えたコンパクトで機能的なアイテムです。","メンズ:財布＆小物:すべてのメンズ財布＆小物"
"nvprod970014v","ジッピーウォレット・ヴェルティカル",126500,"ブラック","アイコニックなモノグラム･パターンを控えめなエンボス加工で施した、しなやかなモノグラム･シャドウ レザーのエレガントで安全性に優れた「ジッピーウォレット･ヴェルティカル」。スタイリッシュなオールブラックの外観が洗練されたデザイン。実用的な機能を備えたファスナー開閉式の財布です。","メンズ:財布＆小物:メンズ メンズロングウォレット（長財布）"
"nvprod970019v","ポルトモネ・ロザリ",47300,"ブルー","すっきりとした丸みを帯びたフラップがフェミニンなデザインの「ポルトモネ･ロザリ」。フレッシュな印象を放つダミエ･アズール キャンバスを使用し、スタッズ開閉式のライニングにはピンクのグレインレザーを組み合わせました。2つのクレジットカードスロットとファスナー式コインケースを備えています。<BR><BR>※本製品は製造時期によりスナップボタンの素材･カラーが異なります。また、製品によりスナップボタンの凸凹が画像とは反対の場合がございます。ご了承ください。","ウィメンズ:財布＆小物:すべてのウィメンズ財布＆小物"
"nvprod980001v","トラベルケース（100ML）",81400,"ピンク","大切な物を守り、持ち運ぶケースを作るべく、独自のサヴォアフェール(匠の技)とカスタムデザインを駆使するルイ･ヴィトン。「トラベルケース（100ML）」は、100MLのフレグランスボトルを収納でき、バックルがあなたのフレグランスをしっかりと守ります。バッグの中に忍ばせて、あらゆるシーンで香りをお楽しみいただけます。お好みのイニシャルを刻印してパーソナライズすることもできます。","ウィメンズ:パーソナライゼーション:イニシャルホットスタンピング"
"nvprod980002v","トラベルケース（200ML）",93500,"ピンク","大切な物を守り、持ち運ぶケースを作るべく、独自のサヴォアフェール(匠の技)とカスタムデザインを駆使するルイ･ヴィトン。「トラベルケース（200ML）」は、200MLのフレグランスボトルを収納でき、バックルがあなたのフレグランスをしっかりと守ります。バッグの中に忍ばせて、あらゆるシーンで香りをお楽しみいただけます。お好みのイニシャルを刻印してパーソナライズすることもできます。","ウィメンズ:パーソナライゼーション:イニシャルホットスタンピング"
"nvprod980003v","トラベルケース（100ML）",81400,"ベージュ","大切な物を守り、持ち運ぶケースを作るべく、独自のサヴォアフェール(匠の技)とカスタムデザインを駆使するルイ･ヴィトン。「トラベルケース（100ML）」は、100MLのフレグランスボトルを収納でき、バックルがあなたのフレグランスをしっかりと守ります。バッグの中に忍ばせて、あらゆるシーンで香りをお楽しみいただけます。お好みのイニシャルを刻印してパーソナライズすることもできます。","メンズ:メンズ・ギフト:パーソナライゼーション"
"nvprod980004v","トラベルケース（200ML）",93500,"ベージュ","大切な物を守り、持ち運ぶケースを作るべく、独自のサヴォアフェール(匠の技)とカスタムデザインを駆使するルイ･ヴィトン。「トラベルケース（200ML）」は、200MLのフレグランスボトルを収納でき、バックルがあなたのフレグランスをしっかりと守ります。バッグの中に忍ばせて、あらゆるシーンで香りをお楽しみいただけます。お好みのイニシャルを刻印してパーソナライズすることもできます。","メンズ:メンズ・ギフト:パーソナライゼーション"
"nvprod980005v","トラベルケース（100ML）",74800,"ブラック","大切な物を守り、持ち運ぶケースを作るべく、独自のサヴォアフェール(匠の技)とカスタムデザインを駆使するルイ･ヴィトン。「トラベルケース（100ML）」は、100MLのフレグランスボトルを収納でき、バックルがあなたのフレグランスをしっかりと守ります。バッグの中に忍ばせて、あらゆるシーンで香りをお楽しみいただけます。","New:Holiday:メンズ ホリデイ・セレクション"
"nvprod980006v","トラベルケース（200ML）",86900,"ブラック","大切な物を守り、持ち運ぶケースを作るべく、独自のサヴォアフェール(匠の技)とカスタムデザインを駆使するルイ･ヴィトン。「トラベルケース（200ML）」は、200MLのフレグランスボトルを収納でき、バックルがあなたのフレグランスをしっかりと守ります。バッグの中に忍ばせて、あらゆるシーンで香りをお楽しみいただけます。","メンズ:トラベル:メンズトラベルアクセサリー"
"nvprod990047v","ポルト クレ・ベリー",60500,"ピンク","2つのモノグラム･フラワーのチャームにレザーの装飾を施し、カラフルなエナメルをはめ込んだ「LVサークル」が際立つバッグチャーム兼キーホルダー「ポルト クレ･ベリー」。ルイ･ヴィトンの伝統的なクラフツマンシップを体現した精巧なデザインは、レザーグッズ「ヴェリー」と相性抜群です。","ウィメンズ:アクセサリー:キーケース、キーホルダー、バッグチャーム"
"nvprod990092v","ネックレス・ナノグラム",60500,"ゴールド","2つのミニチュアネームタグ付きのネックレス「ネックレス・ナノグラム」。ゴールド&シルバーカラー仕上げの組み合わせが際立つデザイン。しなやかなチェーンは、「LVサークル」の装飾が施されたクラスプ開閉式です。","ウィメンズ:アクセサリー:ファッションジュエリー"
"nvprod990096v","ブレスレット・ナノグラム",49500,"ゴールド","アイコニックなモノグラム･パターンとLVロゴの刻印を施した2つの小さなネームタグ付きの日常使いにぴったりなブレスレット「ブレスレット・ナノグラム」。ゴールド&シルバーカラー仕上げのコントラストを効かせたデザインで、「LVサークル」があしらわれたクラスプが特徴です。","ウィメンズ:アクセサリー:ファッションジュエリー"
"nvprod990114v","ポルト クレ・ベリー",60500,"ブラック","2つのモノグラム･フラワーのチャームにレザーの装飾を施し、カラフルなエナメルをはめ込んだ「LVサークル」が際立つバッグチャーム兼キーホルダー「ポルト クレ･ベリー」。ルイ･ヴィトンの伝統的なクラフツマンシップを体現した精巧なデザインは、レザーグッズ「ヴェリー」と相性抜群です。","ウィメンズ:アクセサリー:キーケース、キーホルダー、バッグチャーム"
"nvprod990230v","バロン・フット",291500,"ベージュ","ルイ･ヴィトン 2018FIFAワールドカップ™ ロシアの開催を祝してルイ･ヴィトンが製作した真のコレクターズアイテム「バロン･フット」。ヴィンテージ感溢れるサッカーボールには、メゾンを象徴するナチュラルカウハイドレザーを使用しました。時の経過と共に独特の風合いを帯びていきます。LVロゴがエンボス加工で施され、持ち運びに便利な専用のレザーホルダーが付いています。<br>ルイ･ヴィトン 2018FIFAワールドカップ™ ロシア オフィシャルライセンスプロダクトコレクション","メンズ:メンズ・ギフト:メンズ･セレクション 時を超えて愛されるアイテム"
"nvprod990233v","トラベルブック ルート66",5610,,"世界中のアーティストによって描かれているルイ･ヴィトンの「トラベルブック」コレクション。 絵画、コラージュ、イラストレーション、コミック･ストリップなど、さまざまなメディアを取り揃え、選りすぐりの目的地を新鮮な視点で捉えます。定評のあるアーティストや飛躍する新たな才能と共に、まったく新しいオリジナルのドローイングを採用し、都市や国への想像を掻き立てます。 本書では、スイスのスクラッチボード･アーティスト、トーマス･オットが「ルート66」を横切って、鋭くダークなストーリーを描きます。","メンズ:トラベル:トラベルブック"
"nvprod990234v","トラベルブック プラハ",5610,,"世界中のアーティストによって描かれているルイ･ヴィトンの「トラベルブック」コレクション。 絵画、コラージュ、イラストレーション、コミック･ストリップなど、さまざまなメディアを取り揃え、選りすぐりの目的地を新鮮な視点で捉えます。定評のあるアーティストや飛躍する新たな才能と共に、まったく新しいオリジナルのドローイングを採用し、都市や国への想像を掻き立てます。本書では、ロシアの芸術家、パヴェル･ペッパースタインが、色とりどりのアイコンにポエトリーとロマンティシズムを添えてプラハを描きます。","メンズ:トラベル:トラベルブック"
"nvprod990235v","トラベルブック ローマ",5610,,"世界中のアーティストによって描かれているルイ･ヴィトンの「トラベルブック」コレクション。 絵画、コラージュ、イラストレーション、コミック･ストリップなど、さまざまなメディアを取り揃え、選りすぐり目的地を新鮮な視点で捉えます。定評のあるアーティストや飛躍する新たな才能と共に、まったく新しいオリジナルのドローイングを採用し、都市や国への想像をかきたてます。本書では、アメリカのアーティスト、マイルズ･ハイマンが、活気溢れるローマを舞台に人物とコントラストで表現しています。","メンズ:トラベル:トラベルブック"
"nvprod990236v","トラベルブック キューバ",5610,,"世界中のアーティストによって描かれているルイ･ヴィトンの「トラベルブック」コレクション。 絵画、コラージュ、イラストレーション、コミック･ストリップなど、さまざまなメディアを取り揃え、選りすぐりの目的地を新鮮な視点で捉えます。定評のあるアーティストや飛躍する新たな才能と共に、まったく新しいオリジナルのドローイングを採用し、都市や国への想像を掻き立てます。本書では、中国の芸術家リー･クンウーが多くの作品を通して情熱的にキューバを描きます。","メンズ:トラベル:トラベルブック"
"nvprod990245v","Ombre Nomade",49500,,"ウードウッドが香り立ち、砂漠への旅へと誘う「Ombre Nomade(オンブレ･ノマド)」。<br>太陽の動きに合わせ、砂の上には光と影の揺らめくパターンが浮かび上がります。すべてが静止したように見える中で、砂漠は密かに息を吹き返し、トラベラーを情熱的な冒険へと導き入れるのです。希少な香りを愛する人たちのために、無限の感覚を、香料の中でも最も神秘的な成分の1つ、ウードウッドに濃縮してデザインしました。インハウス･マスター･パフューマーのジャック･キャヴァリエ=ベルトリュードが、扱いにくい素材でありながらも人を熱狂させるほど甘美なこの香りに、ベンゾインとラズベリーのアクセントを忍ばせて多面的に調合しました。天国に浮かび上がるようなスモーキーなインセンスが微かに感じられる、かつてないほど神秘的なウードをお楽しみください。<br><br>ルイ･ヴィトンのフレグランスをご注文いただく際、無料サンプル(2ml)をお選びいただけます。ご注文製品と同じ香りのサンプルをお選びいただくことで、ご使用、またはギフトとして贈る前に、香りをご確認いただけます。製品の外箱のセロファンが開封されている、または外箱のシールが切り取られていたり、剥がされた形跡が見られる場合の返品･交換はできかねますので、開封前にサンプルをお試しされることをおすすめいたします。尚、外箱のセロファンまたはシールが未開封の製品につきましてはご注文におけるサービス利用規約に則り、返品･交換のご相談を承ります。<BR>お好みのイニシャルや数字を刻印してボトルをパーソナライズすることもできます。<BR>※刻印サービスをご希望の場合は、最短翌々日のお届けとなります。また、代金着払いでのご注文は承ることができませんので、予めご了承ください。<BR><BR>ウィメンズ･フレグランスのラインナップは<a href='https://jp.louisvuitton.com/jpn-jp/magazine/articles/all-fragrances-for-women#'><strong>こちら</strong></a>。","ウィメンズ:フレグランス（香水）:すべてのフレグランス"
"nvprod990245v","Ombre Nomade",75900,,"ウードウッドが香り立ち、砂漠への旅へと誘う「Ombre Nomade(オンブレ･ノマド)」。<br>太陽の動きに合わせ、砂の上には光と影の揺らめくパターンが浮かび上がります。すべてが静止したように見える中で、砂漠は密かに息を吹き返し、トラベラーを情熱的な冒険へと導き入れるのです。希少な香りを愛する人たちのために、無限の感覚を、香料の中でも最も神秘的な成分の1つ、ウードウッドに濃縮してデザインしました。インハウス･マスター･パフューマーのジャック･キャヴァリエ=ベルトリュードが、扱いにくい素材でありながらも人を熱狂させるほど甘美なこの香りに、ベンゾインとラズベリーのアクセントを忍ばせて多面的に調合しました。天国に浮かび上がるようなスモーキーなインセンスが微かに感じられる、かつてないほど神秘的なウードをお楽しみください。<br><br>ルイ･ヴィトンのフレグランスをご注文いただく際、無料サンプル(2ml)をお選びいただけます。ご注文製品と同じ香りのサンプルをお選びいただくことで、ご使用、またはギフトとして贈る前に、香りをご確認いただけます。製品の外箱のセロファンが開封されている、または外箱のシールが切り取られていたり、剥がされた形跡が見られる場合の返品･交換はできかねますので、開封前にサンプルをお試しされることをおすすめいたします。尚、外箱のセロファンまたはシールが未開封の製品につきましてはご注文におけるサービス利用規約に則り、返品･交換のご相談を承ります。<BR>お好みのイニシャルや数字を刻印してボトルをパーソナライズすることもできます。<BR>※刻印サービスをご希望の場合は、最短翌々日のお届けとなります。また、代金着払いでのご注文は承ることができませんので、予めご了承ください。<BR><BR>ウィメンズ･フレグランスのラインナップは<a href='https://jp.louisvuitton.com/jpn-jp/magazine/articles/all-fragrances-for-women#'><strong>こちら</strong></a>。","ウィメンズ:フレグランス（香水）:すべてのフレグランス"
"nvprod990246v","OMBRE NOMADE トラベルスプレー",49500,,"ウードウッドが香り立ち、砂漠への旅へと誘う「Ombre Nomade(オンブレ･ノマド)」。<br>太陽の動きに合わせ、砂の上には光と影の揺らめくパターンが浮かび上がります。すべてが静止したように見える中で、砂漠は密かに息を吹き返し、トラベラーを情熱的な冒険へと導き入れるのです。希少な香りを愛する人たちのために、無限の感覚を、香料の中でも最も神秘的な成分の1つ、ウードウッドに濃縮してデザインしました。インハウス･マスター･パフューマーのジャック･キャヴァリエ=ベルトリュードが、扱いにくい素材でありながらも人を熱狂させるほど甘美なこの香りに、ベンゾインとラズベリーのアクセントを忍ばせて多面的に調合しました。天国に浮かび上がるようなスモーキーなインセンスが微かに感じられる、かつてないほど神秘的なウードをお楽しみください。<br><br>ルイ･ヴィトンのフレグランスをご注文いただく際、無料サンプル(2ml)をお選びいただけます。ご注文製品と同じ香りのサンプルをお選びいただくことで、ご使用、またはギフトとして贈る前に、香りをご確認いただけます。製品の外箱のセロファンが開封されている、または外箱のシールが切り取られていたり、剥がされた形跡が見られる場合の返品･交換はできかねますので、開封前にサンプルをお試しされることをおすすめいたします。尚、外箱のセロファンまたはシールが未開封の製品につきましてはご注文におけるサービス利用規約に則り、返品･交換のご相談を承ります。<BR><BR>ウィメンズ･フレグランスのラインナップは<a href='https://jp.louisvuitton.com/jpn-jp/magazine/articles/all-fragrances-for-women#'><strong>こちら</strong></a>。","ウィメンズ:フレグランス（香水）:トラベルスプレー＆ケース"
"nvprod990261v","クラヴァット・モノグラム クラシック 8CM",26400,"ブルー","繊細なクラフツマンシップとルイ・ヴィトンならではのタイムレスなスタイルを融合した「クラヴァット･モノグラム クラシック8CM」。ドット柄のジャカード織りの生地が、モノグラム･プリントをさりげなく引き立てます。ビジネスシーンの装いにラグジュアリーな印象をプラスする、上質なシルクのアイテムです。","メンズ:アクセサリー:ネクタイ、ポケットチーフ"
"nvprod990261v","クラヴァット・モノグラム クラシック8CM",26400,"グレー","繊細なクラフツマンシップとルイ・ヴィトンならではのタイムレスなスタイルを融合した「クラヴァット･モノグラム クラシック8CM」。ドット柄のジャカード織りの生地が、モノグラム･プリントをさりげなく引き立てます。ビジネスシーンの装いにラグジュアリーな印象をプラスする、上質なシルクのアイテムです。","メンズ:アクセサリー:ネクタイ、ポケットチーフ"
"nvprod990278v","ポルト クレ・LV カプシーヌ",55000,"ブラック","ルイ･ヴィトンを代表するハンドバッグ「カプシーヌ」から着想を得た「ポルト クレ･LV カプシーヌ」。LVシグネチャーにあしらったメタルとレザーのコンビネーションが、メゾンの伝統と卓越したクラフツマンシップを想起させます。機能的なクラスプが付いたエレガントなアイテムです。","ウィメンズ:アクセサリー:キーケース、キーホルダー、バッグチャーム"
"nvprod990279v","ポルト クレ・ブルーミング フラワー",60500,"マロン","メゾンのアイコニックなモノグラム･フラワーから着想を得た「ポルト クレ･ブルーミング フラワー」。さまざまな異素材のミックスが、ルイ･ヴィトンのトランク作りにおける伝統を感じさせます。3つのチャームは、それぞれモノグラム･キャンバス、エピ･レザー、メタルで仕上げました。特製のクラスプで、バッグチャームまたはキーホルダーとしてお使いいただけます。","ウィメンズ:アクセサリー:キーケース、キーホルダー、バッグチャーム"
"nvprod990281v","ポルト クレ・ブルーミング フラワー BB",46200,"マロン","アイコニックなモノグラム･フラワー プリントを彷彿させる「ポルト クレ･ブルーミング フラワー BB」。エピ･レザー、メタル、モノグラム･キャンバス素材で、メゾンのクラフツマンシップを体現しました。ミニバッグや財布などの小物類のファスナー引き手に取り付けるのにぴったりなチャームです。","ウィメンズ:アクセサリー:キーケース、キーホルダー、バッグチャーム"
"nvprod990282v","ビジュー サック シェンヌ・ブルーミング フラワー",69300,"マロン","ルイ･ヴィトンのクラフツマンシップを体現するレザーグッズにオマージュを捧げた「ビジュー サック シェンヌ･ブルーミング フラワー」。メゾンのアイコニックなモノグラム･フラワーから着想を得た複数のチャームを、ゴールドカラーのチェーンで彩りました。特製のクラスプで、バッグチャームまたはキーホルダーとしてお楽しみいただけます。","ウィメンズ:アクセサリー:キーケース、キーホルダー、バッグチャーム"
"nvprod990306v","ポルト クレ・ドラゴンヌ ニュー ウェーブ",41800,"ブラック","バッグ「ニューウェーブ」から着想を得た、カラーとボリューム感が特徴の「ポルト クレ･ドラゴンヌ ニュー ウェーブ」。アイコニックなLVシグネチャーを再解釈したアイテムは、しなやかなカーフレザーを使用したブラックのタブに、マルチカラーのレタリングとアイコニックなモノグラム･フラワーをあしらいました。ゴールドカラー仕上げのメタルのリングに彫られたシグネチャーが特徴の遊び心溢れるキーリングです。
","ウィメンズ:アクセサリー:キーケース、キーホルダー、バッグチャーム"
